Alice Smith,25,Female,AAAGGTTTATACCTTCCCAGGTAACAAACCAACCAACTTTCGATCTCTTGTAGATCTGTTCTCTGATGGAGGAAACGCTGACGTGGCTGTCACTCGCTTCCAAAGGGTAGCTGTAATGGGTATCGACTTGAACGTAGTCGATCCTGCAATCCGATCCAGGAGTAGTACCTCGGTTGGAACGCTTGTGGATCCATGTCAAGGTCGCACTGTGGTCAACGGTGTTGACTAGGTTACGCAAGTAGCCTGATTTACGTTGGTGACCAAGCTCGGTAGGTCAACTGACTGGAATCGGCGTTAC
John Doe,32,Male,GGCTGCATGCTTAGTGCACTCACCCTGACCTGACCTGACCTGATTACTGTCGTTGACAGGACACGAGTAACTCGTCTATCTTCTGCAGGCTGCTAGAGTACAGCGGATGGCTACGAGCCGGTGACCTGAACTCTACGTGGCGATGCAACCGTACTGGTAACTGCTAGGATCGTGACTGCGGTACTGCGTTCAGAGGCTACCTGACTTGTGTCGACGGTAGCTCGATTGCCGGTGACCTGAACTCTACAACGGTACGGGTACTGCTCGGAGTATCGAACGTACGCGGATGCCGTACTGGTAGCTAGCATTGGATACGTTCGGA
Emily Clark,29,Female,CGGTTCGAGTGTCTGTTGCTGATCCAATCTAGGTTTTGTCGGTGTGACCTGGAGTCCCAAGATGGAGAGCCTTGTCCCTGGTTTCAAATGAGCCGGTTAACGGTCACGATACGACTTACCTGTCAGCAGCAGCAGCAGCAGCCGGAAGCAGCAGGTACCGTCTGAAGCAGGTGGCGTCAAGTACTGGTACCGTACGCTCGATGGGCTGACCGTAAGTACGCTGGTAGTTCGAGGTCAATGGAACCTGGGTTTGCGGACGTCACAGTGTCTGTTGCTGATCCAAGATCGTGGGTACGCGGTTCGTTAA
Robert Lee,41,Male,ACGAGAAAACACACGTCCAACTCAGTTTGCCTGTTTTAATGTTAAAGTTCTAGTGGGTACGTGGCTTTGGAGACTCCGTGGAGGAGGTCTTATCAAGGGTTCGCGAGAGTGGCAACTTTCGCCGATGACCTGAATCTCGATCTGTCAGGGTCACTGAATCGGATGTCAGGTAGTCACGGTGACTGACGTTCGCTAGGCGTTAGCGATACGTGCGCTTAGGCTCGGATCGTGACCGTAACGGTCTTAGCGGTTTGAAGCAGTCGACCGGTACTGGTCAGGGTCCGTTAGGCGTTGAGCAGTCGGGACTGGTCAACGTT
Sarah Kim,22,Female,AGAGGCACGTCAACATCTTAAAGATGGCACTTGTGGCTTAGTAGAAGTTGAAAAAGGCGTTTTGCCAAGGACCTGCTGACTGGGTATGTTCATTGAGGTTCTGGAACGTTGACCGGTTGAGACTGCCCGTAACTAGGTCGACGTTAGCGTTGAACGGGTTACCGGATCGTAACTCGTGTTTGGCTCAAGGTTGACCGGTACGTTGGAAGTCTTGGCAACGTGACGCTAGCTTGCAGACTTGAGGCTTGACTGGTGCCGACCGTTGACAGGATCGAAGTTCGAGGTAGGCTCGTTCGCGGTAAGCGTGGATCGTGCAGTCGAT
David Brown,36,Male,CAAACGTTCGGATGCTCGAACTGCACCTCATGGTTGTCTCCTGCTGACTCTGAAAGCAGAACTCGAAGGCATTCAGTACGGTCGTAGTGGTGACTGGAACCGGTACTGCTGAAGTGCCCTTCTTCTCTGTTCTCCTGCCAGGTTTCGACTGCGGTGACTGTAGGTCAGCGTCGACTTGATCGAGTCCGGTGTTGCGTGTTCGACAGGTCCGTGACCGTAGGCTCGTTACTGGCAGTACTGAGTCCGTGATCGGTACTGGTCGAAGTACGTGCAGTGCGTACTGGCAACTGGTCGACGGGTACTGTTGAGGGTAACT
Jessica Wu,27,Female,GACACTTGGTGTCCTTGTCCCTCATGTGCCTAGGTTGCTGTTGTTGACCCGCAAGGTTCTTCTTCGTAAGAACGGTAATAAAGGAGCTGGTGGTTGACCGTTGGTCAACGCTGACTCGTGCGCCGAGGTTGACACCTTCTGGGTTGACTGTAGCCCGTGTCGATTGAACGGTTAGCTGGAACGTCCGTTACGCTGGAAGTTCGACGGTAGTGGTGCTGAGTACAACTGTGGTGCTGAGTACAACTCCTAGTTCGACGCTTGAAGGTCGGAACCGTAGCTCGATGCTGAGTCGTGAACTCGATGCGCCGAGGTTGACACCTTCTG
Michael Ray,45,Male,CCATAGTTACGGCGCCGATCTAAAGTCATTTGACTTAGGCGACGAGCTTGGCACTGATCCTTATGAAGATTTTCAAGAAATGTTAAAGTTCTAGTGGATAGGTTCAAGTGCACCGGTAGTACGTTGATCGTAGTGGCTGCGATACGTAGCGTTAGCTTACCGTTGGCAGCTAACGGTACTGATCGGTACTGATCGTTGACCGTAGCTTAGCGGTTGACTGTAGGTCAGGTAGCGGTTACTGCAACCGTACGTTGGCAACCGTAGCTGAGCTGACAGTTGAACGTGACTGGTACTAGGTTAGCGTTACCGTAGCGTGTACCTGATCGG
Laura King,31,Female,AACATAGCAGTGGTGTCCTAGGTTGCTGTTGTTCCCGCTTAAAGGACCTGCTGACTGGGTCGATAACAACTTCTGTGGCCCTGATGACTGACTCGTAAGGTTTGGCACTTGAACTCGATCGGTAGGTTGAGGCTTAGCGGGTAGTACCGTACTGGAAGCTTGAACGTGTCGTGATCGTACGGACTGATCGTTACTGAAGTCTTGCATCGGTTGACCGTTGGTACGTAGTCAACGTGGCAACTCGGATTGACTCGGTAGCCGATGGTACTGCTTAGGCAACCGTAGCTGGTACTGGCAGGTTGGCAACGTAA
James Hall,39,Male,GGCTACCCTCTTGAGTGCATTAGCCGGTGACCTGATCTCTACAAGACCTTCTAGCACGTGCTGGTAAAGCTTCATGCACTTTGTCCGAACAACTGGACTTTATTGACACTACGGTACCGTTACTGACCGTACGTAGGTTTGTCTCCTGCTGACTCTGTGATCGTAGTCCGTTACTGGAACGTCAAGGTCGGTTACTGAAAGTCTCTGACAGGTTGACGTTGATTACTGAAAGTTCGTACTGGTAGCTAGCCGATCGAACGTGACTGGTGACTGTTGACCGTAGTCCGGTTACTGGCAACTGATCGTAGGCTCGTTACTGGA
Chris Young,28,Male,GTAGGCTACCGATGGCTTGACTGTAGGTCACGTTAGCTGAGTGGGCTGAGTCTACCGATGTGCACTGGCAACTGGTGACTGAGGTTACGTGACTGCTGACCGTTACTGGGAGCCGAGGTTGACACCTTCTGAGCTGCTGGTGACTGAACTCGTGATTGAGGTCGGTTACTCGATCGATGACTTGTGCGACTCGTGAACTGACTGGTGACTTGTGAAGCTGCGTGCTACGTAGCGTGGTACTGCTCGGAACTGTGGTACTGAACGTGGAAGCTGACGTACTGGTCGATCGTACTGGTACGTGTACTGCGAACTGGTACGAACT
Mia Torres,30,Female,TGGAAGCTTGGCAACCGTACTGAGGCTTACTGGTACGTGTACTGACTGAGTCTGGTACGGTTACTGCTAGTTGACGTGGTGCTGAGTACAACTCCTTGAAGTTCGCTAGCGTTGACCTAGGTGACTGCTAGCGTTGACTGCGTGGTCACTGCGACTGTTGACTCGATGTCGTTGGCAACTGGCTGAGTCTGTTGGACTGATCTGAGGTTGAAGGACCTGCTGAATGCACTTTGACCGTTACTGGTAGTGTCTGTTGCTGATCCAAGCGTTACTGAAGCTAGGTACGTTGACGTTACTGCGTACTGGTCAACGACTGGAAGCT
Grace Taylor,31,Female,ATGCTAGCTAGCTAGCTAGCAGCTAGCTAGCTAGCTACGGTGTGACCTGGAGTCCCGCGTAGCTGACGATCGTACGATCGTAGCTAGCTAGCTGATCGTAGCAGTCGATGAGCCGGTTAACGGTCACGATACGACTTACCTGTCAGCAGCAAGCGGTTGACTGTAGGTCAGGTAGCGGTTACTGCAACCGTACGTTGGCAACCGTAGCTGAGCTGACAGTTGAACGTGACTGGTACTAGGTTAGCGTTACCGTAGCGTGTACCTGATCGG
Ethan Anderson,29,Male,TGCATGCTAGCTAGCATCGATCGTAGCTGACGATCGTACGCTAGTACGCAGCTAGCTAGCTAAGTGTCTGTTGCTGATCCAAGTAGCTAGCACGATCGACGTAGCTGACTAGAGTACAGCGGATGGCTACGAGCCGGTGACCTGAACTCTACGTGGCGATGCAACTCTGACAGGTTGACGTTGA
Mia Thompson,27,Female,AGCTAGCTGACGATCGTAGCTAGCTAGCTAGCTGATCCTAGGTTGCTGTTGTTGTAGCTAGATCGTAGCTAGCTAGCTGACATCGTCGAGCTAGCTGACGATCGACAGTACTGGTACCGTACGCTCGATGGGCTGACCGTAAGTACGCTGGTAGTTCGAGGTCAATGGAACCTGGGTTTGCGGACGTCACAGTGTCTGTTGCTGATCCAAGATCGTGGGTACGCGGTTCGTTAA